"GALLERY","num_arrests"
"183286",4
"205421",4
"208479",6
"238719",3
"252324",3
"252401",9
"258790",4
"261519",3
"269077",5
"269131",3
"277178",3
"279588",3
"279904",3
"282814",6
"290008",3
"291794",3
"295090",4
"297299",5
"297312",3
"297613",4
"299688",3
"300182",8
"300856",3
"302451",4
"303172",3
"305604",3
"309356",3
"314884",3
"315830",5
"316077",3
"316214",3
"320756",3
"324661",3
"328371",3
"331268",3
"332196",3
"332201",3
"336786",3
"337084",3
"340526",5
"345473",3
"345578",3
"350865",4
"350945",3
"353560",3
"354004",3
"354482",3
"361590",3
"363065",3
"363582",3
"365465",5
"367729",3
"368797",3
"372925",3
"373641",4
"374534",5
"400579",3
"400877",3
"401015",4
"401239",3
"402012",3
"402470",3
"405103",3
"411166",5
"411808",3
"417070",3
"417559",3
"418311",5
"418815",3
"419301",4
"422768",3
"427750",3
"430353",5
"430466",3
"430616",4
"430687",4
"436062",3
"436986",3
"437565",3
"439019",8
"440133",3
"440825",3
"445186",3
"447855",4
"447919",3
"448505",5
"449853",3
"452407",6
"455461",4
"458494",4
"460182",3
"461553",4
"461865",3
"462456",3
"462869",3
"463395",3
"464006",3
"465312",8
"465985",3
"468137",3
"468528",6
"469511",3
"470007",7
"470045",3
"472257",4
"472555",3
"472796",3
"472976",3
"476205",5
"476236",4
"477350",3
"478045",3
"478913",3
"479743",4
"480061",4
"482209",5
"482641",4
"483099",3
"484071",5
"484648",6
"485748",6
"486008",3
"487256",3
"487278",5
"488526",3
"488740",3
"488969",4
"490068",4
"490076",3
"493670",3
"493980",3
"494809",4
"495539",4
"496276",4
"497519",9
"497819",4
"498237",5
"500198",4
"501851",3
"502456",3
"504416",3
"506218",3
"506980",3
"508883",3
"509219",6
"509692",5
"509991",3
"512517",3
"513097",3
"514012",4
"514767",4
"515860",3
"517500",3
"517765",3
"519434",3
"519619",3
"520047",3
"520109",3
"521089",5
"522064",4
"522975",4
"523458",3
"525332",3
"526404",4
"526972",4
"527977",4
"528123",3
"529809",3
"529956",3
"531010",4
"531776",3
"532104",3
"533229",4
"533677",4
"533780",4
"534541",3
"534560",3
"534819",3
"535758",4
"536293",4
"537344",3
"537562",5
"540699",3
"543168",4
"544419",3
"544835",4
"545031",3
"545330",3
"545976",3
"546995",3
"548192",3
"551802",4
"552657",3
"553016",3
"553238",8
"555029",3
"555689",4
"557527",3
"557843",5
"559125",4
"559512",4
"561091",3
"561433",3
"563376",3
"564226",4
"565471",4
"565644",3
"565937",3
"567319",3
"567761",3
"569938",5
"570286",3
"570890",4
"571859",3
"571999",3
"573029",3
"573594",4
"574290",3
"574353",3
"574733",4
"574900",4
"576797",5
"579189",4
"580155",3
"580279",3
"582544",4
"582624",3
"582637",5
"583498",3
"585700",4
"586628",3
"586791",3
"588476",4
"588575",3
"589213",6
"589580",3
"590931",3
"591439",4
"591960",3
"592339",3
"592379",3
"592517",3
"593610",3
"593650",4
"593850",3
"593932",5
"594668",11
"594798",3
"596660",4
"597397",4
"599216",3
"600400",4
"600504",3
"600597",4
"601535",6
"601586",5
"602217",4
"603168",3
"603991",4
"603994",3
"604406",4
"604517",4
"604801",3
"605508",4
"605540",3
"605863",6
"606232",5
"606489",3
"606610",3
"607281",3
"607644",3
"607732",3
"607778",3
"608034",3
"609117",5
"609977",4
"610340",3
"611207",3
"611384",3
"611401",3
"612154",5
"612350",6
"612550",3
"612572",3
"612771",7
"612991",3
"613042",4
"614849",3
"615528",3
"615538",3
"615913",4
"615983",3
"616372",3
"618665",3
"618681",3
"619248",3
"619463",3
"620733",3
"621006",3
"621029",3
"621523",3
"621625",4
"621839",5
"621956",5
"623088",3
"624213",4
"624716",6
"624968",3
"625507",4
"625539",3
"626841",7
"627779",3
"628090",3
"628632",4
"628663",3
"629137",3
"629175",3
"629686",4
"629712",3
"630462",3
"630570",4
"630803",4
"631123",3
"632419",3
"632634",3
"632954",3
"633039",3
"634723",3
"635681",3
"636832",4
"637082",5
"637633",5
"638003",3
"638335",3
"638707",3
"639555",5
"639624",3
"640171",16
"641277",3
"643407",3
"643641",8
"644345",3
"645149",3
"645547",7
"645797",3
"647119",3
"647541",3
"648195",5
"648565",3
"648705",4
"649986",3
"650032",10
"650696",3
"651470",6
"651483",3
"652229",3
"652348",5
"652552",3
"652708",4
"653707",5
"654229",3
"654267",3
"654615",3
"655251",5
"655443",4
"655552",3
"656057",4
"656193",3
"656206",4
"656623",4
"657065",3
"657281",4
"658502",3
"659205",5
"659711",5
"660602",3
"660712",3
"661317",3
"661481",3
"661658",5
"662288",3
"663481",5
"664979",6
"665696",3
"666248",3
"666327",3
"666343",3
"666738",3
"667230",3
"667316",3
"667716",6
"668092",3
"668638",3
"668878",3
"669179",4
"669393",3
"669663",4
"669713",6
"670821",3
"671193",4
"674599",4
"675193",3
"675347",3
"675608",3
"675800",3
"676445",3
"676520",8
"677222",3
"677270",3
"677271",3
"678259",4
"678306",3
"680106",5
"680267",4
"680910",4
"682743",3
"682839",4
"683208",6
"683917",3
"684089",3
"684521",3
"685595",3
"685701",3
"685852",3
"685862",4
"686595",10
"687097",4
"688122",7
"688477",4
"688779",4
"689747",4
"690262",3
"690530",5
"690549",3
"690777",3
"691049",3
"691849",5
"692344",3
"692570",4
"692890",3
"693267",4
"693611",3
"694007",4
"694021",5
"694695",4
"695162",3
"698101",3
"698515",3
"698606",7
"698811",3
"699047",3
"699067",4
"699082",3
"700887",4
"701169",3
"701217",3
"701491",3
"701682",4
"702263",3
"702313",3
"703720",5
"703854",3
"703855",3
"704087",3
"704542",4
"704969",4
"706181",5
"707311",3
"707828",3
"707867",5
"708652",4
"708777",7
"709832",3
"710356",4
"710804",3
"710941",3
"710961",3
"711301",3
"712109",3
"712538",3
"712833",4
"713785",3
"714023",4
"714264",3
"715705",3
"716449",3
"716586",6
"717375",3
"717628",3
"717748",3
"717917",3
"718112",3
"718740",8
"719681",3
"719708",3
"719862",3
"720178",4
"720763",5
"720910",3
"721317",4
"721377",3
"722012",3
"723219",3
"724015",5
"724020",5
"724261",4
"724993",4
"725477",6
"725788",3
"725908",3
"726166",7
"727322",3
"727632",3
"727694",3
"727830",3
"727956",3
"728444",4
"728553",3
"728890",7
"728963",4
"729117",3
"730111",3
"731535",5
"731655",4
"731868",3
"731905",3
"732016",4
"733031",3
"733535",3
"733587",4
"733826",3
"734266",5
"734416",3
"734833",3
"736749",5
"738193",3
"738394",6
"738944",3
"739247",3
"739440",3
"739494",5
"739729",3
"740822",3
"740938",3
"741100",3
"741541",3
"741785",3
"742317",3
"743236",5
"743989",3
"744134",3
"744749",3
"744873",3
"745567",5
"745947",4
"746950",5
"747048",4
"747467",4
"747926",3
"748503",3
"748717",5
"750015",5
"750601",3
"750607",5
"750676",4
"751327",3
"751499",3
"751653",3
"752535",3
"752872",4
"752983",3
"753473",3
"753545",3
"753989",3
"754266",3
"754446",3
"754644",3
"757154",3
"757643",3
"758664",4
"758901",3
"770113",5
"770343",3
"770356",3
"770562",4
"770690",3
"770822",5
"771377",3
"772750",3
"773093",3
"773552",3
"774107",3
"774163",3
"774322",5
"774517",3
"774608",3
"775616",4
"776569",3
"778928",3
"779346",3
"780478",3
"781015",3
"781995",3
"782043",3
"782491",3
"783684",3
"784054",4
"784726",3
"785061",7
"785114",3
"785416",3
"785418",3
"785775",4
"785827",6
"786355",5
"786694",3
"786918",3
"786925",3
"787265",4
"787768",3
"789248",3
"789466",3
"789566",3
"789900",6
"790294",4
"790664",3
"790944",3
"791125",3
"791482",4
"791609",3
"791835",3
"792081",4
"792192",3
"792859",5
"792920",5
"794126",4
"794406",3
"794742",3
"795167",4
"795510",4
"796249",3
"796255",7
"798926",8
"798942",5
"799194",5
"799443",4
"799852",5
"800664",4
"801502",4
"801820",13
"803332",4
"803394",5
"803490",3
"803521",4
"803766",3
"803948",6
"804099",3
"804358",3
"804743",3
"804886",3
"805596",3
"805809",7
"805967",3
"806570",3
"806899",5
"807167",4
"807311",3
"807515",4
"807572",6
"807774",3
"808133",3
"808217",3
"808395",7
"809040",3
"809118",4
"809667",3
"810257",3
"811332",4
"812196",4
"812210",3
"812910",3
"813167",4
"813811",5
"814468",3
"814708",5
"814713",3
"815062",3
"815609",4
"815621",3
"815926",3
"817587",4
"817963",5
"818048",4
"818248",7
"818294",3
"818326",3
"818404",3
"818956",3
"818995",3
"819165",4
"819928",8
"820152",3
"820386",3
"820628",4
"821174",3
"821283",3
"821868",4
"821877",6
"822372",3
"822610",3
"822794",7
"822795",3
"823075",5
"823541",4
"823566",3
"824878",5
"825165",3
"825967",3
"825984",3
"826209",3
"826620",3
"826932",4
"827391",3
"827397",3
"827887",3
"828191",3
"828471",3
"829710",3
"829759",3
"829824",9
"829944",3
"829988",4
"830094",3
"830473",4
"830867",3
"830892",3
"831112",3
"831368",3
"831803",3
"831968",6
"832107",3
"832193",4
"832294",3
"832645",3
"833158",3
"833324",5
"833786",3
"833941",4
"834361",4
"834500",4
"834538",3
"834616",3
"834744",4
"836661",3
"836728",4
"836785",7
"837348",3
"837355",3
"837768",3
"837812",3
"838060",6
"838137",4
"838221",3
"838314",4
"838446",5
"839010",3
"839021",3
"839288",4
"839311",4
"839934",3
"839969",3
"840016",4
"840076",3
"840319",4
"840624",3
"841347",3
"841860",3
"841887",6
"842157",3
"842238",4
"842251",4
"842282",4
"842453",3
"842481",6
"842570",4
"842669",3
"842915",3
"843608",3
"843666",3
"843711",4
"843719",4
"843775",3
"844093",5
"844198",3
"844261",3
"844347",3
"844396",4
"844551",6
"844769",4
"844937",3
"845005",3
"845389",3
"845613",4
"846095",5
"846114",3
"846194",3
"846277",3
"846339",3
"846674",3
"846723",4
"846924",3
"847137",4
"847206",3
"847531",3
"847647",3
"847892",4
"848335",3
"848376",5
"848511",4
"848553",3
"848790",3
"849021",3
"849074",4
"849479",3
"849484",7
"849631",3
"849689",9
"850003",4
"850417",3
"850601",3
"850642",4
"850684",3
"850858",3
"850884",3
"851070",3
"851327",3
"851465",5
"851518",3
"851572",3
"851577",3
"851714",4
"851759",3
"851823",3
"852057",3
"852149",3
"852155",3
"852363",3
"852615",3
"852677",6
"853205",7
"853302",3
"853355",7
"853421",3
"853620",3
"853633",3
"853667",4
"853706",3
"853735",3
"853773",3
"853806",3
"854140",6
"854277",3
"854318",3
"854363",4
"854445",3
"854627",3
"854655",5
"854659",4
"854660",5
"854709",3
"855176",3
"855231",5
"855746",3
"855749",3
"856188",4
"856358",3
"856423",3
"856554",4
"856682",3
"856707",3
"856806",4
"857014",3
"857037",3
"857213",3
"857271",4
"857564",3
"857877",3
"858172",3
"858359",3
"858373",4
"858447",5
"858658",3
"858664",5
"858675",4
"858701",3
"858702",3
"858730",3
"858760",3
"858786",3
"858841",3
"858847",3
"858860",6
"858866",3
"858883",3
"858909",5
"858919",3
"858965",3
"858971",3
"858998",3
"859054",5
"859064",3
"859077",3
"859080",5
"859160",3
"859296",3
"859322",4
"859412",5
"859440",7
"859449",3
"859464",4
"859466",3
"859473",13
"859480",3
"859521",3
"859525",4
"859587",4
"859596",4
"859706",3
"859720",8
"859744",3
"859889",3
"859939",3
"860054",4
"860109",3
"860126",3
"860154",3
"860284",3
"860328",7
"860333",3
"860355",3
"860393",3
"860571",3
"860774",3
"860782",4
"860881",3
"860983",4
"860984",5
"861174",3
"861194",3
"861219",3
"861290",3
"861307",3
"861352",3
"861430",3
"861534",3
"861554",3
"861609",3
"861635",4
"861823",3
"861827",4
"861871",3
"861910",3
"862069",3
"862083",3
"862146",3
"862267",3
"862332",3
"862341",3
"862360",3
"862376",3
"862415",3
"862513",3
"862531",6
"862547",3
"862632",4
"862755",3
"862864",3
"862865",3
"862983",3
"863003",3
"863084",3
"863138",4
"863239",3
"863304",3
"863459",5
"863584",3
"863603",3
"863623",3
"863849",3
"864391",3
"864411",4
"864422",3
"864506",4
"864744",4
"864779",3
"864827",3
"865047",3
"865250",3
"866613",3
